id;author;description;guid;to;likecount;link;pubdate;replycount;title;authorChannelUrl;Intention
1;Deepu Devaki;Hai both.you didn\'t visit south india.there is lot of places pls visit that places.tamilnadu(state)all mistyrios temples locketed there.u nover see that much of temples,and culture,and also visit karnataka,kerala,south india is quite different from north india;UgxxyUKTQEq7gp1Hxqp4AaABAg;;0;https://www.youtube.com/watch?v=u_I8IYJzdhY&lc=UgxxyUKTQEq7gp1Hxqp4AaABAg;2020-08-22 16:39:56;0;Hai both.you didn\'t visit south india.there is lot of places pls visit that places.tamilnadu(state)all mistyrios temples locketed there.u nover see that much of temples,and culture,and also visit karnataka,kerala,south india is quite different from north india;http://www.youtube.com/channel/UC5XM1V6khr892zhnQABw1gw;1
2;GoatMafia;Oh man that double sprayer @4:13 ...I hope you wear a mask hahah;UgwQg084YKN6Ws5uuHJ4AaABAg;;0;https://www.youtube.com/watch?v=u_I8IYJzdhY&lc=UgwQg084YKN6Ws5uuHJ4AaABAg;2020-08-18 15:00:29;0;Oh man that double sprayer @4:13 ...I hope you wear a mask hahah;http://www.youtube.com/channel/UCwLYR0ckYNaUNn8jGAiiulQ;1
3;Rohan Donode;Stay safe guys........Eagerly waiting for your next new video....but please stay safe God bless you both.... Love from India...;UgzrG5k3RacKg60sOxZ4AaABAg;;0;https://www.youtube.com/watch?v=u_I8IYJzdhY&lc=UgzrG5k3RacKg60sOxZ4AaABAg;2020-05-21 10:11:28;0;Stay safe guys........Eagerly waiting for your next new video....but please stay safe God bless you both.... Love from India...;http://www.youtube.com/channel/UCd9zjhWSzVrOTWm0abtDNpQ;1
4;Flower Power;Everyone is home and watching YouTube now, your views gone from some some thousand number to millions of views, gurl you calm down ppl are dying;Ugwiok88jRe4qr3nnpF4AaABAg;;0;https://www.youtube.com/watch?v=u_I8IYJzdhY&lc=Ugwiok88jRe4qr3nnpF4AaABAg;2020-05-15 07:59:45;0;Everyone is home and watching YouTube now, your views gone from some some thousand number to millions of views, gurl you calm down ppl are dying;http://www.youtube.com/channel/UCa0wQsn841V2lWevqivFIMQ;1
5;Baqsam;ur arms has a unusual shapes;UgxCj2j1f_bH3D7Sk9l4AaABAg;;0;https://www.youtube.com/watch?v=u_I8IYJzdhY&lc=UgxCj2j1f_bH3D7Sk9l4AaABAg;2020-05-09 05:46:33;1;ur arms has a unusual shapes;http://www.youtube.com/channel/UC26mlV7IVJ9iOB8DZ2oOhLw;1
6;Chase for Adventure;Cool beans ü§ôüèΩ;UgxCj2j1f_bH3D7Sk9l4AaABAg.98R6dOSwvoB98TEVbB-luH;Baqsam;0;https://www.youtube.com/watch?v=u_I8IYJzdhY&lc=UgxCj2j1f_bH3D7Sk9l4AaABAg.98R6dOSwvoB98TEVbB-luH;2020-05-10 01:33:43;0;Cool beans ü§ôüèΩ;http://www.youtube.com/channel/UCQL1-6vWiXw4iZjMdBZgCSQ;1
7;Chud Gaya Porkistan;Why you left India.......you know India is safest place during this out break !;UgxJIyNpvdwMqJJKbr54AaABAg;;1;https://www.youtube.com/watch?v=u_I8IYJzdhY&lc=UgxJIyNpvdwMqJJKbr54AaABAg;2020-05-04 06:38:14;1;Why you left India.......you know India is safest place during this out break !;http://www.youtube.com/channel/UC1IyXWnq3KH8T1Ehmr6b-VA;1
8;Chase for Adventure;We were actually going to come back but we left China two days after the virus was announced and so we couldn\'t come back to India üò≠;UgxJIyNpvdwMqJJKbr54AaABAg.98EK_f3l7wm98J42FGfZhF;Chud Gaya Porkistan;0;https://www.youtube.com/watch?v=u_I8IYJzdhY&lc=UgxJIyNpvdwMqJJKbr54AaABAg.98EK_f3l7wm98J42FGfZhF;2020-05-06 02:49:56;0;We were actually going to come back but we left China two days after the virus was announced and so we couldn\'t come back to India üò≠;http://www.youtube.com/channel/UCQL1-6vWiXw4iZjMdBZgCSQ;1
9;SANTANU DUTTA;Just stumbled upon your videos  subscribed today! And then this one, loved a lot- you are so positive in these dark times! Also Danny/ Annette you\'re such a lovely couple. God bless!;Ugw7sk3kWSv0sP5y-XR4AaABAg;;1;https://www.youtube.com/watch?v=u_I8IYJzdhY&lc=Ugw7sk3kWSv0sP5y-XR4AaABAg;2020-04-12 16:29:53;1;Just stumbled upon your videos  subscribed today! And then this one, loved a lot- you are so positive in these dark times! Also Danny/ Annette you\'re such a lovely couple. God bless!;http://www.youtube.com/channel/UCt_w1IGeSxpCi4x8MiqeOPg;1
10;Chase for Adventure;Awww thank you so much Santanu üòÅü§ôüèΩThat is so kind of you to say!;Ugw7sk3kWSv0sP5y-XR4AaABAg.97MjngAXgUh97QStyeZC9Z;SANTANU DUTTA;0;https://www.youtube.com/watch?v=u_I8IYJzdhY&lc=Ugw7sk3kWSv0sP5y-XR4AaABAg.97MjngAXgUh97QStyeZC9Z;2020-04-14 03:10:24;0;Awww thank you so much Santanu üòÅü§ôüèΩThat is so kind of you to say!;http://www.youtube.com/channel/UCQL1-6vWiXw4iZjMdBZgCSQ;1
11;Mayank Nagdeve;After The End of Coronavirus.Please Visit India I m the Biggest Fan of You Both. I Really Love your Vlogs .please come india once more Dont hurt us;Ugyu0BLpJjZ7ER7QWb54AaABAg;;1;https://www.youtube.com/watch?v=u_I8IYJzdhY&lc=Ugyu0BLpJjZ7ER7QWb54AaABAg;2020-04-05 03:11:11;1;After The End of Coronavirus.Please Visit India I m the Biggest Fan of You Both. I Really Love your Vlogs .please come india once more Dont hurt us;http://www.youtube.com/channel/UCeDUS1dEhsV6lV2Y79VExkA;1
12;Chase for Adventure;Aww we can\'t wait to go back to India! Thank you so much Mayank!;Ugyu0BLpJjZ7ER7QWb54AaABAg.973HpiEASix978-lowRNz6;Mayank Nagdeve;0;https://www.youtube.com/watch?v=u_I8IYJzdhY&lc=Ugyu0BLpJjZ7ER7QWb54AaABAg.973HpiEASix978-lowRNz6;2020-04-06 23:09:33;0;Aww we can\'t wait to go back to India! Thank you so much Mayank!;http://www.youtube.com/channel/UCQL1-6vWiXw4iZjMdBZgCSQ;1
13;KRISTIN;"I\'m glad to hear you two are safe and I\'m so sorry you weren\'t able to see your families. In these ""uncertain"" times, your videos have kept me sane and even inspired me to finally bite the bullet and buy tickets to Thailand. I absolutely love your videos, how informational/real life they are, and the dynamic energy you two have. Know you are making a difference in peoples lives during this time!! I look forward to you guys getting ""back on the road""!! Congrats on your foster puppies!!";UgyV31mbfi05T0F_w4h4AaABAg;;1;https://www.youtube.com/watch?v=u_I8IYJzdhY&lc=UgyV31mbfi05T0F_w4h4AaABAg;2020-03-25 09:32:58;1;"I\'m glad to hear you two are safe and I\'m so sorry you weren\'t able to see your families. In these ""uncertain"" times, your videos have kept me sane and even inspired me to finally bite the bullet and buy tickets to Thailand. I absolutely love your videos, how informational/real life they are, and the dynamic energy you two have. Know you are making a difference in peoples lives during this time!! I look forward to you guys getting ""back on the road""!! Congrats on your foster puppies!!";http://www.youtube.com/channel/UCgfc1iBzLHl1kXnTSttpkNg;1
14;Chase for Adventure;Thank you so much Kristin! Aww I am so happy to hear that ‚ò∫Ô∏è That‚Äôs so exciting and you will love Thailand. I can‚Äôt wait until it‚Äôs safe to travel again. With love from Thailand üáπüá≠;UgyV31mbfi05T0F_w4h4AaABAg.96cdmSRa6p-96hEMrkMoO2;KRISTIN;0;https://www.youtube.com/watch?v=u_I8IYJzdhY&lc=UgyV31mbfi05T0F_w4h4AaABAg.96cdmSRa6p-96hEMrkMoO2;2020-03-27 04:18:21;0;Thank you so much Kristin! Aww I am so happy to hear that ‚ò∫Ô∏è That‚Äôs so exciting and you will love Thailand. I can‚Äôt wait until it‚Äôs safe to travel again. With love from Thailand üáπüá≠;http://www.youtube.com/channel/UCQL1-6vWiXw4iZjMdBZgCSQ;1
15;Teacher Carrie;OMG!!!! I teach VIPKID as well...lol!! I love it.!!! An employee of O2B Kids caught the Corona Virus. I think it was Hunter\'s Crossing location.;Ugx8r7rR4VIwkN-eB3V4AaABAg;;1;https://www.youtube.com/watch?v=u_I8IYJzdhY&lc=Ugx8r7rR4VIwkN-eB3V4AaABAg;2020-03-23 17:48:39;1;OMG!!!! I teach VIPKID as well...lol!! I love it.!!! An employee of O2B Kids caught the Corona Virus. I think it was Hunter\'s Crossing location.;http://www.youtube.com/channel/UCYxYzhZudTtGHF9LiveBAcA;1
16;Chase for Adventure;Oh how cool! And oh no! It\'s crazy hearing about how it has impacted Gainesville. We were supposed to originally be on plane right now headed back üò¢;Ugx8r7rR4VIwkN-eB3V4AaABAg.96ZNvB5lZ4B96_-33iV3GF;Teacher Carrie;0;https://www.youtube.com/watch?v=u_I8IYJzdhY&lc=Ugx8r7rR4VIwkN-eB3V4AaABAg.96ZNvB5lZ4B96_-33iV3GF;2020-03-23 23:30:39;0;Oh how cool! And oh no! It\'s crazy hearing about how it has impacted Gainesville. We were supposed to originally be on plane right now headed back üò¢;http://www.youtube.com/channel/UCQL1-6vWiXw4iZjMdBZgCSQ;1
17;Teacher Carrie;I am glad to see that you guys are okay!;Ugz2nk118Lm0rVi9yi14AaABAg;;1;https://www.youtube.com/watch?v=u_I8IYJzdhY&lc=Ugz2nk118Lm0rVi9yi14AaABAg;2020-03-23 17:44:27;1;I am glad to see that you guys are okay!;http://www.youtube.com/channel/UCYxYzhZudTtGHF9LiveBAcA;1
18;Chase for Adventure;Thank you so much Carrie! üòä;Ugz2nk118Lm0rVi9yi14AaABAg.96ZNRONhCbh96ZzmDiedsP;Teacher Carrie;0;https://www.youtube.com/watch?v=u_I8IYJzdhY&lc=Ugz2nk118Lm0rVi9yi14AaABAg.96ZNRONhCbh96ZzmDiedsP;2020-03-23 23:28:13;0;Thank you so much Carrie! üòä;http://www.youtube.com/channel/UCQL1-6vWiXw4iZjMdBZgCSQ;1
19;Edgar Queguia;In my opinion Madam you\'re perfect as a U.S.CNN REPORTER.;UgwpeLF2cxF32YtYw3J4AaABAg;;0;https://www.youtube.com/watch?v=u_I8IYJzdhY&lc=UgwpeLF2cxF32YtYw3J4AaABAg;2020-03-21 16:17:52;1;In my opinion Madam you\'re perfect as a U.S.CNN REPORTER.;http://www.youtube.com/channel/UC66bVxGRxeTIwdDFzTLZe5w;1
20;Chase for Adventure;She is perfect üòâ;UgwpeLF2cxF32YtYw3J4AaABAg.96U3wRtwwjD96Zxb83XhWD;Edgar Queguia;1;https://www.youtube.com/watch?v=u_I8IYJzdhY&lc=UgwpeLF2cxF32YtYw3J4AaABAg.96U3wRtwwjD96Zxb83XhWD;2020-03-23 23:09:13;0;She is perfect üòâ;http://www.youtube.com/channel/UCQL1-6vWiXw4iZjMdBZgCSQ;1
21;SimpsOn The Go;Where in Thailand are you? We are in Phuket trying to figure out what to do next! Best of luck, guys! Crazy times we are in!;UgzmIpvt52ILZXd2_HN4AaABAg;;1;https://www.youtube.com/watch?v=u_I8IYJzdhY&lc=UgzmIpvt52ILZXd2_HN4AaABAg;2020-03-17 11:37:41;1;Where in Thailand are you? We are in Phuket trying to figure out what to do next! Best of luck, guys! Crazy times we are in!;http://www.youtube.com/channel/UCBtjeQIxz7roW0L32R0xAdA;1
22;Chase for Adventure;Hey guys! So we are in Koh Chang and love it! The island is practically empty and we‚Äôve maybe interacted with one person a day lol Best of luck you to you two as well! Thankfully we are stuck in paradise üòÅ;UgzmIpvt52ILZXd2_HN4AaABAg.96JGgoH4n-f96KUVRMlSIi;SimpsOn The Go;1;https://www.youtube.com/watch?v=u_I8IYJzdhY&lc=UgzmIpvt52ILZXd2_HN4AaABAg.96JGgoH4n-f96KUVRMlSIi;2020-03-17 22:57:33;0;Hey guys! So we are in Koh Chang and love it! The island is practically empty and we‚Äôve maybe interacted with one person a day lol Best of luck you to you two as well! Thankfully we are stuck in paradise üòÅ;http://www.youtube.com/channel/UCQL1-6vWiXw4iZjMdBZgCSQ;1
23;Adventures with mel;You guys are doing a great job! Keep up the positivity! Also..doggo is such a cutie handsome boy!;Ugwvg6a0PGdw97aJY014AaABAg;;2;https://www.youtube.com/watch?v=u_I8IYJzdhY&lc=Ugwvg6a0PGdw97aJY014AaABAg;2020-03-16 23:39:16;1;You guys are doing a great job! Keep up the positivity! Also..doggo is such a cutie handsome boy!;http://www.youtube.com/channel/UCti66r_iGrqdJB2RXwUfpTA;1
24;Chase for Adventure;Thank you so much Mel üíô we will! And ahah all 5 are adorable! We‚Äôre just trying to find homes for them now üòÅ;Ugwvg6a0PGdw97aJY014AaABAg.96HzU-RmS9v96KTjCTZmnZ;Adventures with mel;0;https://www.youtube.com/watch?v=u_I8IYJzdhY&lc=Ugwvg6a0PGdw97aJY014AaABAg.96HzU-RmS9v96KTjCTZmnZ;2020-03-17 22:50:50;0;Thank you so much Mel üíô we will! And ahah all 5 are adorable! We‚Äôre just trying to find homes for them now üòÅ;http://www.youtube.com/channel/UCQL1-6vWiXw4iZjMdBZgCSQ;1
25;a richs;lots of travellers are carrying the virus . shut down borders is the best;UgxI8MU0jl1yaZTQ_YF4AaABAg;;1;https://www.youtube.com/watch?v=u_I8IYJzdhY&lc=UgxI8MU0jl1yaZTQ_YF4AaABAg;2020-03-16 03:42:58;3;lots of travellers are carrying the virus . shut down borders is the best;http://www.youtube.com/channel/UCm8sd4-ida1MhQ_jediSw9Q;1
26;Chase for Adventure;That would be great if all the countries could be on the same page!;UgxI8MU0jl1yaZTQ_YF4AaABAg.96Fq_2NlbfC96KTKA5qN_H;a richs;0;https://www.youtube.com/watch?v=u_I8IYJzdhY&lc=UgxI8MU0jl1yaZTQ_YF4AaABAg.96Fq_2NlbfC96KTKA5qN_H;2020-03-17 22:47:17;0;That would be great if all the countries could be on the same page!;http://www.youtube.com/channel/UCQL1-6vWiXw4iZjMdBZgCSQ;1
27;a richs;@Chase for Adventure all that is reqiured is shut down every thing for two weeks . all need to stop thinking of losing income etc . it will recover isolation isolation;UgxI8MU0jl1yaZTQ_YF4AaABAg.96Fq_2NlbfC96Icu6wpqJe;a richs;1;https://www.youtube.com/watch?v=u_I8IYJzdhY&lc=UgxI8MU0jl1yaZTQ_YF4AaABAg.96Fq_2NlbfC96Icu6wpqJe;2020-03-17 05:41:14;0;@Chase for Adventure all that is reqiured is shut down every thing for two weeks . all need to stop thinking of losing income etc . it will recover isolation isolation;http://www.youtube.com/channel/UCm8sd4-ida1MhQ_jediSw9Q;1
28;Chase for Adventure;I completely understand that! A lot of us who travel full time have decided to just stay in places longer because it‚Äôs not fair for us to pick up the virus traveling and then bring it to a community that didn‚Äôt choose to travel during this time!;UgxI8MU0jl1yaZTQ_YF4AaABAg.96Fq_2NlbfC96ICaCPvZQ5;a richs;0;https://www.youtube.com/watch?v=u_I8IYJzdhY&lc=UgxI8MU0jl1yaZTQ_YF4AaABAg.96Fq_2NlbfC96ICaCPvZQ5;2020-03-17 01:42:35;0;I completely understand that! A lot of us who travel full time have decided to just stay in places longer because it‚Äôs not fair for us to pick up the virus traveling and then bring it to a community that didn‚Äôt choose to travel during this time!;http://www.youtube.com/channel/UCQL1-6vWiXw4iZjMdBZgCSQ;1
29;James Cenica;Stay safe. I enjoy watching your vblog.;Ugz0n9_6PrYXi5LN1cJ4AaABAg;;1;https://www.youtube.com/watch?v=u_I8IYJzdhY&lc=Ugz0n9_6PrYXi5LN1cJ4AaABAg;2020-03-15 23:34:12;1;Stay safe. I enjoy watching your vblog.;http://www.youtube.com/channel/UCPXQIw4znWO0JoHaZZGv5MA;1
30;Chase for Adventure;Thank you so much James! We will üòÅ;Ugz0n9_6PrYXi5LN1cJ4AaABAg.96FP5z-ZlYQ96ICUQ5aExv;James Cenica;1;https://www.youtube.com/watch?v=u_I8IYJzdhY&lc=Ugz0n9_6PrYXi5LN1cJ4AaABAg.96FP5z-ZlYQ96ICUQ5aExv;2020-03-17 01:41:39;0;Thank you so much James! We will üòÅ;http://www.youtube.com/channel/UCQL1-6vWiXw4iZjMdBZgCSQ;1
31;Josiah Freep;Lorie and I expect to die in the hospitals, so raise our idiot children;UgxiPqKaAt2ahlPgdBJ4AaABAg;;1;https://www.youtube.com/watch?v=u_I8IYJzdhY&lc=UgxiPqKaAt2ahlPgdBJ4AaABAg;2020-03-15 12:44:16;1;Lorie and I expect to die in the hospitals, so raise our idiot children;http://www.youtube.com/channel/UC_9AOAfQHLwzTYAMVa7VOPg;1
32;Chase for Adventure;HAHAHAHA! Oh Hap! LOL. You guys will be fine and I hope to see you ALL whenever we can go back! :D;UgxiPqKaAt2ahlPgdBJ4AaABAg.96EEiiZZJ4r96FZ1SXqfbw;Josiah Freep;0;https://www.youtube.com/watch?v=u_I8IYJzdhY&lc=UgxiPqKaAt2ahlPgdBJ4AaABAg.96EEiiZZJ4r96FZ1SXqfbw;2020-03-16 01:00:57;0;HAHAHAHA! Oh Hap! LOL. You guys will be fine and I hope to see you ALL whenever we can go back! :D;http://www.youtube.com/channel/UCQL1-6vWiXw4iZjMdBZgCSQ;1
33;mhon ferrer;Good thing your plans of changing places of travel just saved you. You just fled coronavirus in China right after you leave, then the outbreak just get started. Haha, you just forgot to delete 4:13 something spilled off! So far any virus threat from Koh Chang, it\'s literally the number of cases were increasing predominantly world wide. Hope you could escape from this terrifying disease COVID 19 for it\'s contagious and easily transmittable rapidly. Sounds scary but you gotta stay safe and healthy follow the extreme precautions for it\'s no joke it is a deadly virus...;UgwV1IlC61OJHOIaTiV4AaABAg;;1;https://www.youtube.com/watch?v=u_I8IYJzdhY&lc=UgwV1IlC61OJHOIaTiV4AaABAg;2020-03-15 10:19:47;1;Good thing your plans of changing places of travel just saved you. You just fled coronavirus in China right after you leave, then the outbreak just get started. Haha, you just forgot to delete 4:13 something spilled off! So far any virus threat from Koh Chang, it\'s literally the number of cases were increasing predominantly world wide. Hope you could escape from this terrifying disease COVID 19 for it\'s contagious and easily transmittable rapidly. Sounds scary but you gotta stay safe and healthy follow the extreme precautions for it\'s no joke it is a deadly virus...;http://www.youtube.com/channel/UCsaH4V4KBaBSpAVcgc_GOhw;1
34;Chase for Adventure;Right?! It was so lucky! Oh no üòë The puppies were distracting me lol Thankfully the island we are on is totally fine! No cases and very little people traveling. We will my friend and you stay safe too üíôüòÅ;UgwV1IlC61OJHOIaTiV4AaABAg.96DzB_xOsbh96ICLMJLIPJ;mhon ferrer;1;https://www.youtube.com/watch?v=u_I8IYJzdhY&lc=UgwV1IlC61OJHOIaTiV4AaABAg.96DzB_xOsbh96ICLMJLIPJ;2020-03-17 01:40:25;0;Right?! It was so lucky! Oh no üòë The puppies were distracting me lol Thankfully the island we are on is totally fine! No cases and very little people traveling. We will my friend and you stay safe too üíôüòÅ;http://www.youtube.com/channel/UCQL1-6vWiXw4iZjMdBZgCSQ;1
35;Keep Going Places;Best of luck to you two! Glad y‚Äôall found some viable options to hold you over. This pandemic is really hurting many local communities that depend on tourism. I hope they all recover soon and that the world can come together to get this situation under control.;Ugye2INYnmnQpoei4Jh4AaABAg;;1;https://www.youtube.com/watch?v=u_I8IYJzdhY&lc=Ugye2INYnmnQpoei4Jh4AaABAg;2020-03-15 06:01:39;1;Best of luck to you two! Glad y‚Äôall found some viable options to hold you over. This pandemic is really hurting many local communities that depend on tourism. I hope they all recover soon and that the world can come together to get this situation under control.;http://www.youtube.com/channel/UC21og9-xlnkqr3kSqLCyJYg;1
36;Chase for Adventure;Thank you so much you two! And I agree! It‚Äôs crazy, the puppies, when we take them out around town people make eating jokes to us. Some people are shameless about how they think dog tastes good...idk if I should laugh it off or be concerned!;Ugye2INYnmnQpoei4Jh4AaABAg.96DWdrbcPa696IC7llWlkd;Keep Going Places;0;https://www.youtube.com/watch?v=u_I8IYJzdhY&lc=Ugye2INYnmnQpoei4Jh4AaABAg.96DWdrbcPa696IC7llWlkd;2020-03-17 01:38:34;0;Thank you so much you two! And I agree! It‚Äôs crazy, the puppies, when we take them out around town people make eating jokes to us. Some people are shameless about how they think dog tastes good...idk if I should laugh it off or be concerned!;http://www.youtube.com/channel/UCQL1-6vWiXw4iZjMdBZgCSQ;1
37;myk myk;by the way..thank you for your info..takecare always..GODBLESS..;UgyQdVo-DaRzuwK3zgZ4AaABAg;;1;https://www.youtube.com/watch?v=u_I8IYJzdhY&lc=UgyQdVo-DaRzuwK3zgZ4AaABAg;2020-03-15 03:19:32;1;by the way..thank you for your info..takecare always..GODBLESS..;http://www.youtube.com/channel/UCVaEw-_9z4njVfEhj8h6jng;1
38;Chase for Adventure;Aww thank you so much üíô;UgyQdVo-DaRzuwK3zgZ4AaABAg.96DE5UuJ-az96IBv0DZ-ra;myk myk;0;https://www.youtube.com/watch?v=u_I8IYJzdhY&lc=UgyQdVo-DaRzuwK3zgZ4AaABAg.96DE5UuJ-az96IBv0DZ-ra;2020-03-17 01:36:41;0;Aww thank you so much üíô;http://www.youtube.com/channel/UCQL1-6vWiXw4iZjMdBZgCSQ;1
39;myk myk;what?..Did you comeback from the Philippines?..on 24th of feb?..ur vlog doesnt say that..it says india..;Ugxg4narVZVaJRVi0MB4AaABAg;;1;https://www.youtube.com/watch?v=u_I8IYJzdhY&lc=Ugxg4narVZVaJRVi0MB4AaABAg;2020-03-15 03:18:37;1;what?..Did you comeback from the Philippines?..on 24th of feb?..ur vlog doesnt say that..it says india..;http://www.youtube.com/channel/UCVaEw-_9z4njVfEhj8h6jng;1
40;Chase for Adventure;Ah yeah, sorry friend for any confusion! We keep our vlogs delayed from our real time travels. But! If you want the real time info it‚Äôs all on our Instagram @chaseforadventure üòÅ;Ugxg4narVZVaJRVi0MB4AaABAg.96DDznLecJy96IBtlY0yvl;myk myk;0;https://www.youtube.com/watch?v=u_I8IYJzdhY&lc=Ugxg4narVZVaJRVi0MB4AaABAg.96DDznLecJy96IBtlY0yvl;2020-03-17 01:36:31;0;Ah yeah, sorry friend for any confusion! We keep our vlogs delayed from our real time travels. But! If you want the real time info it‚Äôs all on our Instagram @chaseforadventure üòÅ;http://www.youtube.com/channel/UCQL1-6vWiXw4iZjMdBZgCSQ;1
41;Harsh Bhardwaj;Stay safe guys! Thanks for the update, Much love‚ù§Ô∏è;Ugw3HryAEgRUsvXCan94AaABAg;;2;https://www.youtube.com/watch?v=u_I8IYJzdhY&lc=Ugw3HryAEgRUsvXCan94AaABAg;2020-03-15 01:04:10;1;Stay safe guys! Thanks for the update, Much love‚ù§Ô∏è;http://www.youtube.com/channel/UCRDFYHFAXnQDh3i_p3PwLRQ;1
42;Chase for Adventure;Thank you so much Harsh! And of course friend üòÅ;Ugw3HryAEgRUsvXCan94AaABAg.96Czb271Xhx96IBmfhpJzw;Harsh Bhardwaj;1;https://www.youtube.com/watch?v=u_I8IYJzdhY&lc=Ugw3HryAEgRUsvXCan94AaABAg.96Czb271Xhx96IBmfhpJzw;2020-03-17 01:35:33;0;Thank you so much Harsh! And of course friend üòÅ;http://www.youtube.com/channel/UCQL1-6vWiXw4iZjMdBZgCSQ;1
43;scott a;Guys I would follow you even if you stopped traveling. So glad you\'re not leaving YT :) You are such a beacon of brightness in these dark times. SO SORRY you had to scrap all those plans. I feel for you so much. Indeed, the current situation has turned the travel sphere on its head (and of course other entities are greatly impacted). Aww, Ralphie is so cute! Congrats being furry foster parents! :) Thank you for the update Annette! Stay happy healthy and safe! Sending a virtual hug back!;UgxHSP1Jr1wIRT5ywU94AaABAg;;1;https://www.youtube.com/watch?v=u_I8IYJzdhY&lc=UgxHSP1Jr1wIRT5ywU94AaABAg;2020-03-14 23:39:08;1;Guys I would follow you even if you stopped traveling. So glad you\'re not leaving YT :) You are such a beacon of brightness in these dark times. SO SORRY you had to scrap all those plans. I feel for you so much. Indeed, the current situation has turned the travel sphere on its head (and of course other entities are greatly impacted). Aww, Ralphie is so cute! Congrats being furry foster parents! :) Thank you for the update Annette! Stay happy healthy and safe! Sending a virtual hug back!;http://www.youtube.com/channel/UCFXMQqLi1P1oH3zyc61i07Q;1
44;Chase for Adventure;Awww thank you so much Scott üíô You are always so kind. Hey I guess we are just learning to be a little more flexible üòÅ Haha they are all so adorable!! ‚ò∫Ô∏è üòÅüôåüèΩ;UgxHSP1Jr1wIRT5ywU94AaABAg.96CpsL-W6ye96IBkFS00aE;scott a;0;https://www.youtube.com/watch?v=u_I8IYJzdhY&lc=UgxHSP1Jr1wIRT5ywU94AaABAg.96CpsL-W6ye96IBkFS00aE;2020-03-17 01:35:13;0;Awww thank you so much Scott üíô You are always so kind. Hey I guess we are just learning to be a little more flexible üòÅ Haha they are all so adorable!! ‚ò∫Ô∏è üòÅüôåüèΩ;http://www.youtube.com/channel/UCQL1-6vWiXw4iZjMdBZgCSQ;1
45;A Cup of Courage I by Johanna;Thank you for all the deep insights and speaking so openly about it. Good luck to you two! üòÄ Greetings from Koh Phangan!;UgxNLeSCwFeytn3ceFZ4AaABAg;;1;https://www.youtube.com/watch?v=u_I8IYJzdhY&lc=UgxNLeSCwFeytn3ceFZ4AaABAg;2020-03-14 23:26:43;1;Thank you for all the deep insights and speaking so openly about it. Good luck to you two! üòÄ Greetings from Koh Phangan!;http://www.youtube.com/channel/UCczhh9ySgiE6SUFzS8A8URg;1
46;Chase for Adventure;Of course! Thank you so much for the well wishes üòÅ ah how cool, greetings from Koh Chang ü§ôüèΩ;UgxNLeSCwFeytn3ceFZ4AaABAg.96CoSOFIFPb96F7TsDFmVx;A Cup of Courage I by Johanna;0;https://www.youtube.com/watch?v=u_I8IYJzdhY&lc=UgxNLeSCwFeytn3ceFZ4AaABAg.96CoSOFIFPb96F7TsDFmVx;2020-03-15 21:00:10;0;Of course! Thank you so much for the well wishes üòÅ ah how cool, greetings from Koh Chang ü§ôüèΩ;http://www.youtube.com/channel/UCQL1-6vWiXw4iZjMdBZgCSQ;1
47;J.P. Jordan;6:55 lol! u sure? :P;Ugz6RiIHvOfpmrSU4BF4AaABAg;;2;https://www.youtube.com/watch?v=u_I8IYJzdhY&lc=Ugz6RiIHvOfpmrSU4BF4AaABAg;2020-03-14 22:26:45;1;6:55 lol! u sure? :P;http://www.youtube.com/channel/UCkraBtN0po0_VX4AKiwQ4Pw;1
48;Chase for Adventure;Lol a virtual hug üòÇ;Ugz6RiIHvOfpmrSU4BF4AaABAg.96ChaBpJ0dT96F7O41R40E;J.P. Jordan;0;https://www.youtube.com/watch?v=u_I8IYJzdhY&lc=Ugz6RiIHvOfpmrSU4BF4AaABAg.96ChaBpJ0dT96F7O41R40E;2020-03-15 20:59:22;0;Lol a virtual hug üòÇ;http://www.youtube.com/channel/UCQL1-6vWiXw4iZjMdBZgCSQ;1
49;Kokseng Kok;It is quite heart-warming watching your video.;Ugw8nl5Z8S-TSYC1P0t4AaABAg;;1;https://www.youtube.com/watch?v=u_I8IYJzdhY&lc=Ugw8nl5Z8S-TSYC1P0t4AaABAg;2020-03-14 21:18:17;1;It is quite heart-warming watching your video.;http://www.youtube.com/channel/UCTr6mFPap-FW8xUCzN5_U0g;1
50;Chase for Adventure;Yaaaay! I am so glad to hear that ‚ò∫Ô∏è;Ugw8nl5Z8S-TSYC1P0t4AaABAg.96C_kc_g-uD96CgujBD1ts;Kokseng Kok;1;https://www.youtube.com/watch?v=u_I8IYJzdhY&lc=Ugw8nl5Z8S-TSYC1P0t4AaABAg.96C_kc_g-uD96CgujBD1ts;2020-03-14 22:20:49;0;Yaaaay! I am so glad to hear that ‚ò∫Ô∏è;http://www.youtube.com/channel/UCQL1-6vWiXw4iZjMdBZgCSQ;1
51;Kokseng Kok;Thanks for sharing this video. You guys are awesome.;UgzPJyuZQkPMPl-rn3J4AaABAg;;1;https://www.youtube.com/watch?v=u_I8IYJzdhY&lc=UgzPJyuZQkPMPl-rn3J4AaABAg;2020-03-14 21:15:57;1;Thanks for sharing this video. You guys are awesome.;http://www.youtube.com/channel/UCTr6mFPap-FW8xUCzN5_U0g;1
52;Chase for Adventure;Of course! Thank you so much for the support üíô;UgzPJyuZQkPMPl-rn3J4AaABAg.96C_UbM2mVz96Cgsy0uXt8;Kokseng Kok;1;https://www.youtube.com/watch?v=u_I8IYJzdhY&lc=UgzPJyuZQkPMPl-rn3J4AaABAg.96C_UbM2mVz96Cgsy0uXt8;2020-03-14 22:20:35;0;Of course! Thank you so much for the support üíô;http://www.youtube.com/channel/UCQL1-6vWiXw4iZjMdBZgCSQ;1
53;Johnson C;stay healthy, good luck;UgyaTyPsNYhEMstikcd4AaABAg;;1;https://www.youtube.com/watch?v=u_I8IYJzdhY&lc=UgyaTyPsNYhEMstikcd4AaABAg;2020-03-14 21:09:20;1;stay healthy, good luck;http://www.youtube.com/channel/UCry4CTCAKNTU3ULw0mgxECA;1
54;Chase for Adventure;Thank you so much Johnson! üòÅ;UgyaTyPsNYhEMstikcd4AaABAg.96CZj9hKfTs96Cgqe3m_dH;Johnson C;1;https://www.youtube.com/watch?v=u_I8IYJzdhY&lc=UgyaTyPsNYhEMstikcd4AaABAg.96CZj9hKfTs96Cgqe3m_dH;2020-03-14 22:20:16;0;Thank you so much Johnson! üòÅ;http://www.youtube.com/channel/UCQL1-6vWiXw4iZjMdBZgCSQ;1
55;Christopher Thomas;Pound to baht is 38 -1 terrible u can get flights to Bangkok for ¬£256 return direct tho tidy;UgxDyrUcO8iOLkREVPh4AaABAg;;1;https://www.youtube.com/watch?v=u_I8IYJzdhY&lc=UgxDyrUcO8iOLkREVPh4AaABAg;2020-03-14 20:26:29;1;Pound to baht is 38 -1 terrible u can get flights to Bangkok for ¬£256 return direct tho tidy;http://www.youtube.com/channel/UC7BBdlWyOCJIWJGb1KNsSrA;1
56;Chase for Adventure;Oh wow! How awesome. It‚Äôs crazy, we looked at flights that were leaving the Philippines yesterday for our two friends and the cost was almost 3,000 pound! üò±üò≠;UgxDyrUcO8iOLkREVPh4AaABAg.96CUpGdlzIT96CgoeFDMlj;Christopher Thomas;0;https://www.youtube.com/watch?v=u_I8IYJzdhY&lc=UgxDyrUcO8iOLkREVPh4AaABAg.96CUpGdlzIT96CgoeFDMlj;2020-03-14 22:19:59;0;Oh wow! How awesome. It‚Äôs crazy, we looked at flights that were leaving the Philippines yesterday for our two friends and the cost was almost 3,000 pound! üò±üò≠;http://www.youtube.com/channel/UCQL1-6vWiXw4iZjMdBZgCSQ;1
57;Foogie Sim VLOGs;Tough time for the creator community now. Take care you two and keep posting!;UgwBgUH7uvjEIQtidw54AaABAg;;1;https://www.youtube.com/watch?v=u_I8IYJzdhY&lc=UgwBgUH7uvjEIQtidw54AaABAg;2020-03-14 20:18:24;1;Tough time for the creator community now. Take care you two and keep posting!;http://www.youtube.com/channel/UCUi9tBiqYjJc-VpcBHcZA9A;1
58;Chase for Adventure;Agreed but I guess it‚Äôs just opening up different opportunities üòÅ Thank you friend, we will!;UgwBgUH7uvjEIQtidw54AaABAg.96CTu2sSsvL96CgiDclbfU;Foogie Sim VLOGs;1;https://www.youtube.com/watch?v=u_I8IYJzdhY&lc=UgwBgUH7uvjEIQtidw54AaABAg.96CTu2sSsvL96CgiDclbfU;2020-03-14 22:19:07;0;Agreed but I guess it‚Äôs just opening up different opportunities üòÅ Thank you friend, we will!;http://www.youtube.com/channel/UCQL1-6vWiXw4iZjMdBZgCSQ;1
59;Marchel S;Fostering dogs is a nice shift of vlog content üëç;UgwHxiv-lrknicK9Ird4AaABAg;;2;https://www.youtube.com/watch?v=u_I8IYJzdhY&lc=UgwHxiv-lrknicK9Ird4AaABAg;2020-03-14 19:10:27;1;Fostering dogs is a nice shift of vlog content üëç;http://www.youtube.com/channel/UCBO7bDbJ8heZtWYHFcYJHdA;1
60;Chase for Adventure;Thanks for the feedback Marchel! Looks like we‚Äôll have to show some of the daily crazy üòÇ;UgwHxiv-lrknicK9Ird4AaABAg.96CM7O0JmcW96CgeMFD1v5;Marchel S;1;https://www.youtube.com/watch?v=u_I8IYJzdhY&lc=UgwHxiv-lrknicK9Ird4AaABAg.96CM7O0JmcW96CgeMFD1v5;2020-03-14 22:18:35;0;Thanks for the feedback Marchel! Looks like we‚Äôll have to show some of the daily crazy üòÇ;http://www.youtube.com/channel/UCQL1-6vWiXw4iZjMdBZgCSQ;1
61;Courtney Marmo;i know we all didn‚Äôt expect it to get this bad. im the one that had direct messaged you on instagram about having to cancel my trip to Thailand on feb 10, crazy!! people are really freaking out over here in Florida where I am. I really hope this is over soon :(;UgyKR4-keyivlXKxnz54AaABAg;;1;https://www.youtube.com/watch?v=u_I8IYJzdhY&lc=UgyKR4-keyivlXKxnz54AaABAg;2020-03-14 18:18:23;1;i know we all didn‚Äôt expect it to get this bad. im the one that had direct messaged you on instagram about having to cancel my trip to Thailand on feb 10, crazy!! people are really freaking out over here in Florida where I am. I really hope this is over soon :(;http://www.youtube.com/channel/UCvCsQ6U7At8A_pLJyDmwBxg;1
62;Chase for Adventure;Right?! We all really didn‚Äôt. That‚Äôs right!! And when we responded...so much has changed since then üò≠üòÇ We‚Äôve been following the updates and it‚Äôs nuts! I hope so too üíô;UgyKR4-keyivlXKxnz54AaABAg.96CGA3gFFtT96CgZhNrITt;Courtney Marmo;0;https://www.youtube.com/watch?v=u_I8IYJzdhY&lc=UgyKR4-keyivlXKxnz54AaABAg.96CGA3gFFtT96CgZhNrITt;2020-03-14 22:17:49;0;Right?! We all really didn‚Äôt. That‚Äôs right!! And when we responded...so much has changed since then üò≠üòÇ We‚Äôve been following the updates and it‚Äôs nuts! I hope so too üíô;http://www.youtube.com/channel/UCQL1-6vWiXw4iZjMdBZgCSQ;1
63;Maribel Neira;Sorry to hear this is changing your plans, but you\'ll bounce back soon. Love following you both, stay safe and please don\'t quit..üòç;UgyLSJ1w52kyMi3-hAp4AaABAg;;3;https://www.youtube.com/watch?v=u_I8IYJzdhY&lc=UgyLSJ1w52kyMi3-hAp4AaABAg;2020-03-14 17:56:12;1;Sorry to hear this is changing your plans, but you\'ll bounce back soon. Love following you both, stay safe and please don\'t quit..üòç;http://www.youtube.com/channel/UCacJvEr-ut96X2K1PKX9AVA;1
64;Chase for Adventure;"Thank you Maribel ‚ò∫Ô∏è We really appreciate the love and support; BIG TIME! üíô";UgyLSJ1w52kyMi3-hAp4AaABAg.96CDcYPIHj596CgMdTiIMw;Maribel Neira;1;https://www.youtube.com/watch?v=u_I8IYJzdhY&lc=UgyLSJ1w52kyMi3-hAp4AaABAg.96CDcYPIHj596CgMdTiIMw;2020-03-14 22:16:02;0;"Thank you Maribel ‚ò∫Ô∏è We really appreciate the love and support; BIG TIME! üíô";http://www.youtube.com/channel/UCQL1-6vWiXw4iZjMdBZgCSQ;1
65;DEVANSHU MATHS;R you in India right now or you are now in Thailand;Ugz8xdLcfphO9sGwiK94AaABAg;;1;https://www.youtube.com/watch?v=u_I8IYJzdhY&lc=Ugz8xdLcfphO9sGwiK94AaABAg;2020-03-14 17:18:36;3;R you in India right now or you are now in Thailand;http://www.youtube.com/channel/UCREjqtbNocUqhQNzgvkLG3A;1
66;Chase for Adventure;Awww so we were actually planning on going back to love in the south for a while but then the Coronavirus happened and stopped us going to India üò≠;Ugz8xdLcfphO9sGwiK94AaABAg.96C9K7zGtIc96KTAxatok0;DEVANSHU MATHS;0;https://www.youtube.com/watch?v=u_I8IYJzdhY&lc=Ugz8xdLcfphO9sGwiK94AaABAg.96C9K7zGtIc96KTAxatok0;2020-03-17 22:46:01;0;Awww so we were actually planning on going back to love in the south for a while but then the Coronavirus happened and stopped us going to India üò≠;http://www.youtube.com/channel/UCQL1-6vWiXw4iZjMdBZgCSQ;1
67;DEVANSHU MATHS;@Chase for Adventure you broke my heart...why have you gone so early;Ugz8xdLcfphO9sGwiK94AaABAg.96C9K7zGtIc96Cy95ADNgL;DEVANSHU MATHS;1;https://www.youtube.com/watch?v=u_I8IYJzdhY&lc=Ugz8xdLcfphO9sGwiK94AaABAg.96C9K7zGtIc96Cy95ADNgL;2020-03-15 00:51:28;0;@Chase for Adventure you broke my heart...why have you gone so early;http://www.youtube.com/channel/UCREjqtbNocUqhQNzgvkLG3A;1
68;Chase for Adventure;No friend, so now we are in Thailand. Sorry for any confusion üòÅ;Ugz8xdLcfphO9sGwiK94AaABAg.96C9K7zGtIc96CgDZtOLhG;DEVANSHU MATHS;0;https://www.youtube.com/watch?v=u_I8IYJzdhY&lc=Ugz8xdLcfphO9sGwiK94AaABAg.96C9K7zGtIc96CgDZtOLhG;2020-03-14 22:14:47;0;No friend, so now we are in Thailand. Sorry for any confusion üòÅ;http://www.youtube.com/channel/UCQL1-6vWiXw4iZjMdBZgCSQ;1
69;Saurabh Ghosh;Stay safe...Corona will go over soon...something we never expected to hit us...but one good thing that Corona did it broke all the so called boundaries - now people all over the world beyond all religion , race and color fighting shoulder to shoulder to this tiny virus...Stay Safe Stay blessed...;UgyZyLN6qvUmVd2oWf54AaABAg;;2;https://www.youtube.com/watch?v=u_I8IYJzdhY&lc=UgyZyLN6qvUmVd2oWf54AaABAg;2020-03-14 14:57:28;1;Stay safe...Corona will go over soon...something we never expected to hit us...but one good thing that Corona did it broke all the so called boundaries - now people all over the world beyond all religion , race and color fighting shoulder to shoulder to this tiny virus...Stay Safe Stay blessed...;http://www.youtube.com/channel/UCmKx6vu6IJTwGjJKQMk5SiA;1
70;Chase for Adventure;Wow what a great outlook to have on this! It really has forced everyone to deal with the same issue üòÅ;UgyZyLN6qvUmVd2oWf54AaABAg.96BuASNGDUp96Cg6hxCWvt;Saurabh Ghosh;0;https://www.youtube.com/watch?v=u_I8IYJzdhY&lc=UgyZyLN6qvUmVd2oWf54AaABAg.96BuASNGDUp96Cg6hxCWvt;2020-03-14 22:13:51;0;Wow what a great outlook to have on this! It really has forced everyone to deal with the same issue üòÅ;http://www.youtube.com/channel/UCQL1-6vWiXw4iZjMdBZgCSQ;1
71;ajaybhimarao;Good news.;UgzTG6O73F19YztkDBV4AaABAg;;1;https://www.youtube.com/watch?v=u_I8IYJzdhY&lc=UgzTG6O73F19YztkDBV4AaABAg;2020-03-14 14:54:20;1;Good news.;http://www.youtube.com/channel/UC3TcwSpe4Iu0MUTLidZ_QcQ;1
72;Chase for Adventure;Oh yeah! üòÅ;UgzTG6O73F19YztkDBV4AaABAg.96BtoUaQfK-96Cg1KUVymB;ajaybhimarao;0;https://www.youtube.com/watch?v=u_I8IYJzdhY&lc=UgzTG6O73F19YztkDBV4AaABAg.96BtoUaQfK-96Cg1KUVymB;2020-03-14 22:13:07;0;Oh yeah! üòÅ;http://www.youtube.com/channel/UCQL1-6vWiXw4iZjMdBZgCSQ;1
73;Kim McDonald;Glad to hear you guys are doing well. Thanks for the update. Take care üòò;UgwvJSLk_N8qWKlh3kZ4AaABAg;;1;https://www.youtube.com/watch?v=u_I8IYJzdhY&lc=UgwvJSLk_N8qWKlh3kZ4AaABAg;2020-03-14 13:20:13;1;Glad to hear you guys are doing well. Thanks for the update. Take care üòò;http://www.youtube.com/channel/UC5wBTHJv4eeiz9m1H4gj4nw;1
74;Chase for Adventure;Of course Kim! Thanks for the well wishes üíô‚ò∫Ô∏è;UgwvJSLk_N8qWKlh3kZ4AaABAg.96Bj2DKYRsR96Cg0Ej0Bgr;Kim McDonald;0;https://www.youtube.com/watch?v=u_I8IYJzdhY&lc=UgwvJSLk_N8qWKlh3kZ4AaABAg.96Bj2DKYRsR96Cg0Ej0Bgr;2020-03-14 22:12:58;0;Of course Kim! Thanks for the well wishes üíô‚ò∫Ô∏è;http://www.youtube.com/channel/UCQL1-6vWiXw4iZjMdBZgCSQ;1
75;Super Backyard Breeder;Just Jakol and you\'ll be okay.;UgwKOmCFI_ZxWXt3PKh4AaABAg;;1;https://www.youtube.com/watch?v=u_I8IYJzdhY&lc=UgwKOmCFI_ZxWXt3PKh4AaABAg;2020-03-14 12:07:15;1;Just Jakol and you\'ll be okay.;http://www.youtube.com/channel/UC0nJhe3Q7eTLDT18sLu8XsA;1
76;Chase for Adventure;What is Jakol? üòÅ;UgwKOmCFI_ZxWXt3PKh4AaABAg.96BagpfvFtc96CfsXmfuan;Super Backyard Breeder;0;https://www.youtube.com/watch?v=u_I8IYJzdhY&lc=UgwKOmCFI_ZxWXt3PKh4AaABAg.96BagpfvFtc96CfsXmfuan;2020-03-14 22:11:47;0;What is Jakol? üòÅ;http://www.youtube.com/channel/UCQL1-6vWiXw4iZjMdBZgCSQ;1
77;Bashers Go To Hell;I wish you well my fave vloggers. True that though some opportunities got lost (and money), you still have your health and a committed partner in each other. Here in the Philippines, lockdown is effected tonight till 30 days thereafter. Yes, many are affected most specially the labourers who earn an income on a daily basis. Suddenly, they dont have anything to fall on as most of them don\'t have savings. Yes, we\'ll get through this but it\'s gonna be a rough ride.;UgywfuatCm5njWyHJuZ4AaABAg;;1;https://www.youtube.com/watch?v=u_I8IYJzdhY&lc=UgywfuatCm5njWyHJuZ4AaABAg;2020-03-14 11:54:47;1;I wish you well my fave vloggers. True that though some opportunities got lost (and money), you still have your health and a committed partner in each other. Here in the Philippines, lockdown is effected tonight till 30 days thereafter. Yes, many are affected most specially the labourers who earn an income on a daily basis. Suddenly, they dont have anything to fall on as most of them don\'t have savings. Yes, we\'ll get through this but it\'s gonna be a rough ride.;http://www.youtube.com/channel/UCH8GfUBXFznbB0NozYOTtMw;1
78;Chase for Adventure;Thank you so much üíô Well said, there is always a positive side to look at ‚ò∫Ô∏è That‚Äôs crazy! We left three days before that happened. Some friends were actually supposed to meet us in Thailand but they had to get an apartment in Cebu because they got stuck. Wow, that‚Äôs so true. I think the rough ride though is going to grow the world üåç;UgywfuatCm5njWyHJuZ4AaABAg.96B_GWo_Oxa96KSqaqvlkf;Bashers Go To Hell;0;https://www.youtube.com/watch?v=u_I8IYJzdhY&lc=UgywfuatCm5njWyHJuZ4AaABAg.96B_GWo_Oxa96KSqaqvlkf;2020-03-17 22:43:07;0;Thank you so much üíô Well said, there is always a positive side to look at ‚ò∫Ô∏è That‚Äôs crazy! We left three days before that happened. Some friends were actually supposed to meet us in Thailand but they had to get an apartment in Cebu because they got stuck. Wow, that‚Äôs so true. I think the rough ride though is going to grow the world üåç;http://www.youtube.com/channel/UCQL1-6vWiXw4iZjMdBZgCSQ;1
79;Angelic Ashley;Thanks for your update! You can make different content that may seem interesting other than travel vlogs since its quite overrated when lots of vloggers do the same thing. God bless you guys and stay safe there!;Ugwjk6632MmpV6qZPRN4AaABAg;;2;https://www.youtube.com/watch?v=u_I8IYJzdhY&lc=Ugwjk6632MmpV6qZPRN4AaABAg;2020-03-14 11:45:06;2;Thanks for your update! You can make different content that may seem interesting other than travel vlogs since its quite overrated when lots of vloggers do the same thing. God bless you guys and stay safe there!;http://www.youtube.com/channel/UCv6ZsSEIPKnXPQpzqZS_c_w;1
80;Chase for Adventure;Of course Ashley! And Thank you I so much for the feedback you two! We will put that into practice for sure. Thank you both so much for the love and support üíô;Ugwjk6632MmpV6qZPRN4AaABAg.96BZ9b-B6Wm96CfqnuxJql;Angelic Ashley;1;https://www.youtube.com/watch?v=u_I8IYJzdhY&lc=Ugwjk6632MmpV6qZPRN4AaABAg.96BZ9b-B6Wm96CfqnuxJql;2020-03-14 22:11:33;0;Of course Ashley! And Thank you I so much for the feedback you two! We will put that into practice for sure. Thank you both so much for the love and support üíô;http://www.youtube.com/channel/UCQL1-6vWiXw4iZjMdBZgCSQ;1
81;Bashers Go To Hell;Agree. Raw vlogs will suffice for your loyal subs.;Ugwjk6632MmpV6qZPRN4AaABAg.96BZ9b-B6Wm96B_xQpmqv8;Angelic Ashley;1;https://www.youtube.com/watch?v=u_I8IYJzdhY&lc=Ugwjk6632MmpV6qZPRN4AaABAg.96BZ9b-B6Wm96B_xQpmqv8;2020-03-14 12:00:47;0;Agree. Raw vlogs will suffice for your loyal subs.;http://www.youtube.com/channel/UCH8GfUBXFznbB0NozYOTtMw;1
82;Amit Gamer;For corona virusüëäüëäüëäüëä;UgzzMsgH2msLRd-cxb94AaABAg;;2;https://www.youtube.com/watch?v=u_I8IYJzdhY&lc=UgzzMsgH2msLRd-cxb94AaABAg;2020-03-14 11:43:35;1;For corona virusüëäüëäüëäüëä;http://www.youtube.com/channel/UCTNEBq3ff0ZGhwECc9xjtJg;1
83;Chase for Adventure;Lol üòÅü§ôüèΩ;UgzzMsgH2msLRd-cxb94AaABAg.96BYzP-2l7F96Cffm8KYHH;Amit Gamer;0;https://www.youtube.com/watch?v=u_I8IYJzdhY&lc=UgzzMsgH2msLRd-cxb94AaABAg.96BYzP-2l7F96Cffm8KYHH;2020-03-14 22:10:02;0;Lol üòÅü§ôüèΩ;http://www.youtube.com/channel/UCQL1-6vWiXw4iZjMdBZgCSQ;1
84;Shaamir Haneef;Stay safe folks, appreciate the update!;Ugxux4Kal1X6Ji64AbJ4AaABAg;;2;https://www.youtube.com/watch?v=u_I8IYJzdhY&lc=Ugxux4Kal1X6Ji64AbJ4AaABAg;2020-03-14 11:22:37;1;Stay safe folks, appreciate the update!;http://www.youtube.com/channel/UCzSEmWvPeZeyx7kYbl1v-ww;1
85;Chase for Adventure;Thank you so much Shaamir! And of course üòÅ;Ugxux4Kal1X6Ji64AbJ4AaABAg.96BW_u1jUC196CfbU7a-Xn;Shaamir Haneef;0;https://www.youtube.com/watch?v=u_I8IYJzdhY&lc=Ugxux4Kal1X6Ji64AbJ4AaABAg.96BW_u1jUC196CfbU7a-Xn;2020-03-14 22:09:27;0;Thank you so much Shaamir! And of course üòÅ;http://www.youtube.com/channel/UCQL1-6vWiXw4iZjMdBZgCSQ;1
86;MsCory;We were booked to go Japan and Korea on March 16, we had to cancel that.. at the time Philippines seemed okay so we booked a trip to the Philippines instead.. was planning to go CEBU and Palawan so I started watching your vlogs to see what we can do.. But now, it‚Äôs all cancelled! üòÖ I love your vlogs, your energy! Keep your travel vlogs! Much love from California! ‚ù§Ô∏è;UgwwykwXftAAxdGmuCB4AaABAg;;1;https://www.youtube.com/watch?v=u_I8IYJzdhY&lc=UgwwykwXftAAxdGmuCB4AaABAg;2020-03-14 10:57:30;1;We were booked to go Japan and Korea on March 16, we had to cancel that.. at the time Philippines seemed okay so we booked a trip to the Philippines instead.. was planning to go CEBU and Palawan so I started watching your vlogs to see what we can do.. But now, it‚Äôs all cancelled! üòÖ I love your vlogs, your energy! Keep your travel vlogs! Much love from California! ‚ù§Ô∏è;http://www.youtube.com/channel/UCNMdG-UMb3DjFO37vpfTcAw;1
87;Chase for Adventure;Oh my gosh! I am so sorry to hear all of that! And to rebook everything in a new country to have to cancel again. üò≠ Awww thank you so much ‚ù§Ô∏è We will keep it up for sure ‚ò∫Ô∏è;UgwwykwXftAAxdGmuCB4AaABAg.96BThraz-Dr96CfZdhxqW8;MsCory;0;https://www.youtube.com/watch?v=u_I8IYJzdhY&lc=UgwwykwXftAAxdGmuCB4AaABAg.96BThraz-Dr96CfZdhxqW8;2020-03-14 22:09:04;0;Oh my gosh! I am so sorry to hear all of that! And to rebook everything in a new country to have to cancel again. üò≠ Awww thank you so much ‚ù§Ô∏è We will keep it up for sure ‚ò∫Ô∏è;http://www.youtube.com/channel/UCQL1-6vWiXw4iZjMdBZgCSQ;1
88;Rolando Zaragoza Danao;Stay safe guys just continue making videos while stuck in thailand;UgxjvYyiVpWonWhcCwN4AaABAg;;1;https://www.youtube.com/watch?v=u_I8IYJzdhY&lc=UgxjvYyiVpWonWhcCwN4AaABAg;2020-03-14 10:41:20;1;Stay safe guys just continue making videos while stuck in thailand;http://www.youtube.com/channel/UC-lDRUkTX6gn8gczoOPSVqQ;1
89;Chase for Adventure;Thank you Rolando and we will! üòúü§ôüèΩ;UgxjvYyiVpWonWhcCwN4AaABAg.96BRrVn1ybz96KSFdxJD-H;Rolando Zaragoza Danao;1;https://www.youtube.com/watch?v=u_I8IYJzdhY&lc=UgxjvYyiVpWonWhcCwN4AaABAg.96BRrVn1ybz96KSFdxJD-H;2020-03-17 22:37:56;0;Thank you Rolando and we will! üòúü§ôüèΩ;http://www.youtube.com/channel/UCQL1-6vWiXw4iZjMdBZgCSQ;1
90;ANIL YALIN;Video work beuatiful friend;UgyXxJR0x8IpQEyAmgx4AaABAg;;1;https://www.youtube.com/watch?v=u_I8IYJzdhY&lc=UgyXxJR0x8IpQEyAmgx4AaABAg;2020-03-14 10:41:11;1;Video work beuatiful friend;http://www.youtube.com/channel/UCTKovUawvrGLbaSrdaRpLew;1
91;Chase for Adventure;Thank you so much! üòÅ;UgyXxJR0x8IpQEyAmgx4AaABAg.96BRqSY9_1396KS6BBs6_L;ANIL YALIN;1;https://www.youtube.com/watch?v=u_I8IYJzdhY&lc=UgyXxJR0x8IpQEyAmgx4AaABAg.96BRqSY9_1396KS6BBs6_L;2020-03-17 22:36:38;0;Thank you so much! üòÅ;http://www.youtube.com/channel/UCQL1-6vWiXw4iZjMdBZgCSQ;1
92;Brock Ary;WELCOME BACK TO THAILAND GUYS. BEEN HERE FOR 11 YEARS NOW AND CAN\'T THINK OF A BETTER PLACE TO BE STUCK IN. LOVE YOUR CHANNEL.;Ugy4KIBjgHEhrNYMn7Z4AaABAg;;1;https://www.youtube.com/watch?v=u_I8IYJzdhY&lc=Ugy4KIBjgHEhrNYMn7Z4AaABAg;2020-03-14 10:31:14;2;WELCOME BACK TO THAILAND GUYS. BEEN HERE FOR 11 YEARS NOW AND CAN\'T THINK OF A BETTER PLACE TO BE STUCK IN. LOVE YOUR CHANNEL.;http://www.youtube.com/channel/UCgoakHWoiHSyTgJ8sEDtEhg;1
93;Brock Ary;@Chase for Adventure I HAVE LIVED MAINLY IN KORAT. IF YOU ARE EVER IN THE AREA LET ME KNOW AND I CAN SHOW YOU AROUND AND HAVE SOME GOOD THAI STREET FOOD. brockary70.gmail.com;Ugy4KIBjgHEhrNYMn7Z4AaABAg.96BQhVtvHCn96KSUpVmq_M;Brock Ary;0;https://www.youtube.com/watch?v=u_I8IYJzdhY&lc=Ugy4KIBjgHEhrNYMn7Z4AaABAg.96BQhVtvHCn96KSUpVmq_M;2020-03-17 22:40:00;0;@Chase for Adventure I HAVE LIVED MAINLY IN KORAT. IF YOU ARE EVER IN THE AREA LET ME KNOW AND I CAN SHOW YOU AROUND AND HAVE SOME GOOD THAI STREET FOOD. brockary70.gmail.com;http://www.youtube.com/channel/UCgoakHWoiHSyTgJ8sEDtEhg;1
94;Chase for Adventure;Right?! I wish we could move here! Where in Thailand have you lived for 11 years?! üòÅ Aww thank you so much!;Ugy4KIBjgHEhrNYMn7Z4AaABAg.96BQhVtvHCn96KS4my2I1-;Brock Ary;1;https://www.youtube.com/watch?v=u_I8IYJzdhY&lc=Ugy4KIBjgHEhrNYMn7Z4AaABAg.96BQhVtvHCn96KS4my2I1-;2020-03-17 22:36:27;0;Right?! I wish we could move here! Where in Thailand have you lived for 11 years?! üòÅ Aww thank you so much!;http://www.youtube.com/channel/UCQL1-6vWiXw4iZjMdBZgCSQ;1
95;Noj Mag;be safe guys!;UgzOoTYqvWS1uMH5WpB4AaABAg;;1;https://www.youtube.com/watch?v=u_I8IYJzdhY&lc=UgzOoTYqvWS1uMH5WpB4AaABAg;2020-03-14 10:08:47;1;be safe guys!;http://www.youtube.com/channel/UCyLkUJGJ6rjw-n0qut2Mpdw;1
96;Chase for Adventure;Thank you so much Noj!! üòÅ;UgzOoTYqvWS1uMH5WpB4AaABAg.96BO82VlCFc96KS0hL1Ukz;Noj Mag;0;https://www.youtube.com/watch?v=u_I8IYJzdhY&lc=UgzOoTYqvWS1uMH5WpB4AaABAg.96BO82VlCFc96KS0hL1Ukz;2020-03-17 22:35:53;0;Thank you so much Noj!! üòÅ;http://www.youtube.com/channel/UCQL1-6vWiXw4iZjMdBZgCSQ;1
97;Carnivorous plant;I\'ve survived many an apocalypse in my time here on earth. Mad cow disease, y2k, Sars, west nile virus, zika virus, beanie baby shortages, the Mayan Calendar ending in 2012, H1N1 and tainted lettuce outbreaks. Never in all that time did I realize that toilet paper is apparently the linchpin of civilization.;UgxKLo8Y7jEAeP46Cpd4AaABAg;;2;https://www.youtube.com/watch?v=u_I8IYJzdhY&lc=UgxKLo8Y7jEAeP46Cpd4AaABAg;2020-03-14 10:03:47;3;I\'ve survived many an apocalypse in my time here on earth. Mad cow disease, y2k, Sars, west nile virus, zika virus, beanie baby shortages, the Mayan Calendar ending in 2012, H1N1 and tainted lettuce outbreaks. Never in all that time did I realize that toilet paper is apparently the linchpin of civilization.;http://www.youtube.com/channel/UC-1NAB4yzBwQ0jCTG8C2byw;1
98;Chase for Adventure;Hahaha Carnivorous Plant!! üòÇüòÇüòÇ This made my day! Badgers Go To Hell, to be fair, I was raised thinking a butt sprayer was gross but now I can‚Äôt live without one!! Christopher, your right. That would be gross to Wai all the time with crappy hand lol;UgxKLo8Y7jEAeP46Cpd4AaABAg.96BNZVxNs4q96KRzxS8JMV;Carnivorous plant;2;https://www.youtube.com/watch?v=u_I8IYJzdhY&lc=UgxKLo8Y7jEAeP46Cpd4AaABAg.96BNZVxNs4q96KRzxS8JMV;2020-03-17 22:35:39;0;Hahaha Carnivorous Plant!! üòÇüòÇüòÇ This made my day! Badgers Go To Hell, to be fair, I was raised thinking a butt sprayer was gross but now I can‚Äôt live without one!! Christopher, your right. That would be gross to Wai all the time with crappy hand lol;http://www.youtube.com/channel/UCQL1-6vWiXw4iZjMdBZgCSQ;1
99;Christopher Thomas;Carnivorous plant in Thailand u got the hooze that‚Äôs why out there, hands together and bow shitty left hands;UgxKLo8Y7jEAeP46Cpd4AaABAg.96BNZVxNs4q96CUSS_d0gN;Carnivorous plant;1;https://www.youtube.com/watch?v=u_I8IYJzdhY&lc=UgxKLo8Y7jEAeP46Cpd4AaABAg.96BNZVxNs4q96CUSS_d0gN;2020-03-14 20:23:14;0;Carnivorous plant in Thailand u got the hooze that‚Äôs why out there, hands together and bow shitty left hands;http://www.youtube.com/channel/UC7BBdlWyOCJIWJGb1KNsSrA;1
100;Bashers Go To Hell;Because people are too gross out to use a bidet and scratch their bottoms with their left hand.;UgxKLo8Y7jEAeP46Cpd4AaABAg.96BNZVxNs4q96B_iza1g4E;Carnivorous plant;1;https://www.youtube.com/watch?v=u_I8IYJzdhY&lc=UgxKLo8Y7jEAeP46Cpd4AaABAg.96BNZVxNs4q96B_iza1g4E;2020-03-14 11:58:48;0;Because people are too gross out to use a bidet and scratch their bottoms with their left hand.;http://www.youtube.com/channel/UCH8GfUBXFznbB0NozYOTtMw;1
101;G. Jette Gorchez;Hello Annette  Daniel üíë I\'m glad that you guys are fine. It\'s getting worst yet not out of hand. Everyone just need to be aware, calm,  be safe at all times. Amping Pirmi both of you üôèüôèüôè;Ugz9ZYlur10Vs4EWeOx4AaABAg;;2;https://www.youtube.com/watch?v=u_I8IYJzdhY&lc=Ugz9ZYlur10Vs4EWeOx4AaABAg;2020-03-14 10:03:32;1;Hello Annette  Daniel üíë I\'m glad that you guys are fine. It\'s getting worst yet not out of hand. Everyone just need to be aware, calm,  be safe at all times. Amping Pirmi both of you üôèüôèüôè;http://www.youtube.com/channel/UC0_SqxUW-K4ru0h0yj-9A1g;1
102;Chase for Adventure;Thank you so much friend ‚ù§Ô∏è agreed! Apparently, after talking to our families, our home state has practically shut down for the next month üò± Thank you friend, and the same to you ‚ò∫Ô∏è;Ugz9ZYlur10Vs4EWeOx4AaABAg.96BNXdsQjeG96KRevvy2eZ;G. Jette Gorchez;1;https://www.youtube.com/watch?v=u_I8IYJzdhY&lc=Ugz9ZYlur10Vs4EWeOx4AaABAg.96BNXdsQjeG96KRevvy2eZ;2020-03-17 22:32:47;0;Thank you so much friend ‚ù§Ô∏è agreed! Apparently, after talking to our families, our home state has practically shut down for the next month üò± Thank you friend, and the same to you ‚ò∫Ô∏è;http://www.youtube.com/channel/UCQL1-6vWiXw4iZjMdBZgCSQ;1
103;Colin Chan;Wow, hadn\'t realized that it had that kind of impact on YouTube travel views (fewer videos I\'d have expected). Glad you\'re both adapting and powering through - and hanging with adorable puppies looks super cute, albeit I\'m sure a ton of work. I\'m also travelling SEA so it\'s been...interesting.;UgxhEtBHOjeukvVWrTV4AaABAg;;2;https://www.youtube.com/watch?v=u_I8IYJzdhY&lc=UgxhEtBHOjeukvVWrTV4AaABAg;2020-03-14 09:51:57;1;Wow, hadn\'t realized that it had that kind of impact on YouTube travel views (fewer videos I\'d have expected). Glad you\'re both adapting and powering through - and hanging with adorable puppies looks super cute, albeit I\'m sure a ton of work. I\'m also travelling SEA so it\'s been...interesting.;http://www.youtube.com/channel/UCsRbs_13nrFirsookoMbxKg;1
104;Chase for Adventure;Right?! And to be honest we thought since everyone is stuck at home, they would be watching. Thank you Colin. It has been a lot but rewarding üòÅ Oh how cool! Where about? It‚Äôs getting hard to travel SEA right now;UgxhEtBHOjeukvVWrTV4AaABAg.96BMCmj-URw96KRXjMxuUc;Colin Chan;0;https://www.youtube.com/watch?v=u_I8IYJzdhY&lc=UgxhEtBHOjeukvVWrTV4AaABAg.96BMCmj-URw96KRXjMxuUc;2020-03-17 22:31:39;0;Right?! And to be honest we thought since everyone is stuck at home, they would be watching. Thank you Colin. It has been a lot but rewarding üòÅ Oh how cool! Where about? It‚Äôs getting hard to travel SEA right now;http://www.youtube.com/channel/UCQL1-6vWiXw4iZjMdBZgCSQ;1
105;Akyda Radzi;Thanks for sharing, i\'ve been wandering too how coronavirus effect travel youtuber..now i found my answer.;Ugwf5FF2GWynJfSy5dV4AaABAg;;8;https://www.youtube.com/watch?v=u_I8IYJzdhY&lc=Ugwf5FF2GWynJfSy5dV4AaABAg;2020-03-14 09:41:20;1;Thanks for sharing, i\'ve been wandering too how coronavirus effect travel youtuber..now i found my answer.;http://www.youtube.com/channel/UCH1tUy_67TyMbuPm_M3dnUg;1
106;Chase for Adventure;Of course friend! Glad we could help üòÅ;Ugwf5FF2GWynJfSy5dV4AaABAg.96BL-3jAyns96BLV1R3YUr;Akyda Radzi;0;https://www.youtube.com/watch?v=u_I8IYJzdhY&lc=Ugwf5FF2GWynJfSy5dV4AaABAg.96BL-3jAyns96BLV1R3YUr;2020-03-14 09:45:42;0;Of course friend! Glad we could help üòÅ;http://www.youtube.com/channel/UCQL1-6vWiXw4iZjMdBZgCSQ;1
107;JIGGSTAH JIGFISHIN FISH4FUN;Stay safe ! They said it‚Äôs gonna get worst before it gets better üôÅ;Ugz-RHrRuhC5-6Xjc2p4AaABAg;;1;https://www.youtube.com/watch?v=u_I8IYJzdhY&lc=Ugz-RHrRuhC5-6Xjc2p4AaABAg;2020-03-14 09:34:48;1;Stay safe ! They said it‚Äôs gonna get worst before it gets better üôÅ;http://www.youtube.com/channel/UC6wkY9Hq3KWOnQdqJbxdC9A;1
108;Chase for Adventure;Dang, thanks so much Reggie!;Ugz-RHrRuhC5-6Xjc2p4AaABAg.96BKFA9zc7396BLPBeQfcg;JIGGSTAH JIGFISHIN FISH4FUN;1;https://www.youtube.com/watch?v=u_I8IYJzdhY&lc=Ugz-RHrRuhC5-6Xjc2p4AaABAg.96BKFA9zc7396BLPBeQfcg;2020-03-14 09:44:54;0;Dang, thanks so much Reggie!;http://www.youtube.com/channel/UCQL1-6vWiXw4iZjMdBZgCSQ;1
109;Andrey Zenperial - Manifestation Mentor;Last time I was this early, you could still buy toilet paper.;Ugwx0tUPiIJ7s0YAr6V4AaABAg;;3;https://www.youtube.com/watch?v=u_I8IYJzdhY&lc=Ugwx0tUPiIJ7s0YAr6V4AaABAg;2020-03-14 09:32:48;1;Last time I was this early, you could still buy toilet paper.;http://www.youtube.com/channel/UCiN1WyQ9QMXCFyEoRBU5piQ;1
110;Chase for Adventure;I am so sorry I missed your comment! Lmao well said!;Ugwx0tUPiIJ7s0YAr6V4AaABAg.96BK0YiBrQb96ZxGYVvZj8;Andrey Zenperial - Manifestation Mentor;1;https://www.youtube.com/watch?v=u_I8IYJzdhY&lc=Ugwx0tUPiIJ7s0YAr6V4AaABAg.96BK0YiBrQb96ZxGYVvZj8;2020-03-23 23:06:17;0;I am so sorry I missed your comment! Lmao well said!;http://www.youtube.com/channel/UCQL1-6vWiXw4iZjMdBZgCSQ;1
111;Anil Yalin;Nice video;UgxS8VsqfYaH5uUS1LN4AaABAg;;1;https://www.youtube.com/watch?v=u_I8IYJzdhY&lc=UgxS8VsqfYaH5uUS1LN4AaABAg;2020-03-14 09:28:57;1;Nice video;http://www.youtube.com/channel/UCL6mnWqEHqQSToPMZVH7p1g;1
112;Chase for Adventure;Thanks Anil! üòÅ;UgxS8VsqfYaH5uUS1LN4AaABAg.96BJ_Mrra1u96BLLyaYjnH;Anil Yalin;2;https://www.youtube.com/watch?v=u_I8IYJzdhY&lc=UgxS8VsqfYaH5uUS1LN4AaABAg.96BJ_Mrra1u96BLLyaYjnH;2020-03-14 09:44:27;0;Thanks Anil! üòÅ;http://www.youtube.com/channel/UCQL1-6vWiXw4iZjMdBZgCSQ;1